0,-65
0.789818710278701,-65.0146683764706
1.84185723236992,-65.0291621294118
1.84185723236992,-65.0291621294118
2.89389575446115,-65
3.9490935513935,-65.0146683764706
4.7389122616722,-65.0291621294118
5.79095078376343,-65.0146683764706
6.84298930585465,-65
7.89818710278701,-65.0146683764706
8.95022562487823,-65.0291621294118
9.74004433515693,-65.0291621294118
10.7920828572482,-65.0583242588235
11.8472806541805,-65.0583242588235
12.8993191762717,-65.0728180117647
13.951357698363,-65.0436558823529
14.7411764086417,-65.0146683764706
15.796374205574,-65
16.8484127276652,-64.9855062470588
17.9036105245976,-64.9855062470588
18.9556490466888,-65
19.7454677569675,-65.0146683764706
20.7975062790587,-64.9855062470588
21.8527040759911,-64.9855062470588
22.9047425980823,-64.9418503647059
23.9567811201735,-64.9273566117647
24.7465998304522,-64.9418503647059
25.8017976273846,-64.9563441176471
26.8538361494758,-64.9418503647059
27.905874671567,-64.9418503647059
28.9610724684994,-64.9418503647059
29.7508911787781,-64.9273566117647
30.8029297008693,-64.9563441176471
31.8549682229606,-64.9710124941176
32.9101660198929,-65.0146683764706
33.9622045419841,-65.0436558823529
34.7520232522628,-65.0583242588235
35.8040617743541,-65.0583242588235
36.8592595712864,-65.0436558823529
37.9112980933776,-65.0436558823529
38.9633366154689,-65.0146683764706
39.7531553257476,-64.9855062470588
40.8083531226799,-64.9710124941176
41.8603916447711,-65
42.9124301668624,-65.0146683764706
43.9676279637947,-65
44.7574466740734,-65
45.8094851961646,-65
46.8615237182559,-64.9855062470588
47.9167215151882,-65.0146683764706
48.9687600372794,-65.0291621294118
49.7585787475581,-67.0081705882353
50.8106172696494,-67.7794827176471
51.8658150665817,-68.0705801411765
52.9178535886729,-68.2741911764706
53.9698921107642,-68.4343209529412
54.7597108210429,-68.5652886
55.8149086179752,-68.6670941176471
56.8669471400664,-68.7835680117647
57.9189856621577,-68.9000419058823
58.97418345909,-68.9581915411765
59.7640021693687,-68.9873536705882
60.81604069146,-69.0599970588235
61.8680792135512,-69.1183213176471
62.9232770104835,-69.1619772
63.9753155325748,-69.1619772
64.7651342428534,-69.1619772
65.8171727649447,-69.2492889647059
66.872370561877,-69.2782764705882
67.9244090839683,-69.2492889647059
68.9764476060595,-69.2492889647059
69.7662663163382,-69.3074386
70.8214641132705,-69.3366007294118
71.8735026353618,-69.3510944823529
72.925541157453,-69.3655882352941
73.9807389543853,-69.3802566117647
74.770557664664,-69.3510944823529
75.8225961867553,-69.2929448470588
76.8746347088465,-69.3510944823529
77.9298325057788,-69.3510944823529
78.9818710278701,-69.3802566117647
79.7716897381488,-69.3802566117647
80.82372826024,-69.3802566117647
81.8789260571724,-69.3802566117647
82.9309645792636,-69.4092441176471
83.9830031013548,-69.4092441176471
84.7728218116335,-69.4092441176471
85.8280196085659,-69.4239124941176
86.8800581306571,-69.4092441176471
87.9320966527483,-69.4092441176471
88.9872944496806,-69.3947503647059
89.7771131599594,-69.4239124941176
90.8291516820506,-69.4239124941176
91.8811902041418,-69.4239124941176
92.9363880010741,-69.4239124941176
93.9884265231654,-69.4092441176471
94.7782452334441,-69.4384062470588
95.8302837555353,-69.3947503647059
96.8854815524677,-69.3802566117647
97.9375200745589,-69.3947503647059
98.9895585966501,-69.3510944823529
99.7793773069288,-69.3510944823529
100.834575103861,-69.3510944823529
101.886613625952,-69.3655882352941
102.938652148044,-69.3655882352941
103.993849944976,-69.3510944823529
104.783668655255,-69.3366007294118
105.835707177346,-69.3510944823529
106.887745699437,-69.3366007294118
107.942943496369,-69.2929448470588
108.994982018461,-69.3655882352941
109.784800728739,-69.3510944823529
110.836839250831,-69.3366007294118
111.892037047763,-69.3366007294118
112.944075569854,-69.3366007294118
113.996114091945,-69.3655882352941
114.785932802224,-69.3655882352941
115.841130599156,-69.3802566117647
116.893169121248,-69.3947503647059
117.945207643339,-69.3947503647059
119.000405440271,-69.4092441176471
119.79022415055,-69.4239124941176
120.845421947482,-69.4092441176471
121.894301194732,-69.4092441176471
122.949498991665,-69.4384062470588
123.739317701943,-69.4529
124.794515498876,-69.4529
125.843394746126,-69.4384062470588
126.898592543058,-69.4239124941176
127.953790339991,-69.4092441176471
128.743609050269,-69.3947503647059
129.792488297519,-69.3802566117647
130.847686094452,-69.3802566117647
131.902883891384,-69.3366007294118
132.951763138634,-69.3510944823529
133.741581848913,-69.3366007294118
134.796779645845,-69.3366007294118
135.851977442778,-69.3366007294118
136.900856690028,-69.3510944823529
137.95605448696,-69.3366007294118
138.745873197239,-69.3366007294118
139.801070994171,-69.3219323529412
140.849950241421,-69.3074386
141.905148038354,-69.3219323529412
142.960345835286,-69.3219323529412
143.750164545565,-69.3074386
144.799043792815,-69.3074386
145.854241589747,-69.2929448470588
146.909439386679,-69.2782764705882
147.95831863393,-69.2782764705882
148.748137344208,-69.263782717647
149.803335141141,-69.2782764705882
150.858532938073,-69.2492889647059
151.910571460164,-69.2492889647059
152.962609982255,-69.2492889647059
153.752428692534,-69.2929448470588
154.807626489466,-69.3074386
155.859665011558,-69.3655882352941
156.911703533649,-69.3510944823529
157.966901330581,-69.3366007294118
158.75672004086,-69.3655882352941
159.808758562951,-69.3510944823529
160.860797085042,-69.3655882352941
161.915994881975,-69.3802566117647
162.968033404066,-69.3947503647059
163.757852114345,-69.3510944823529
164.809890636436,-69.3074386
165.865088433368,-69.3074386
166.917126955459,-69.2929448470588
167.969165477551,-69.263782717647
168.758984187829,-69.263782717647
169.814181984762,-69.2929448470588
170.866220506853,-69.2929448470588
171.918259028944,-69.3074386
172.973456825877,-69.2929448470588
173.763275536155,-69.263782717647
174.815314058246,-69.263782717647
175.870511855179,-69.2929448470588
176.92255037727,-69.3074386
177.974588899361,-69.3074386
178.76440760964,-69.3074386
179.819605406572,-69.2782764705882
180.871643928664,-69.2782764705882
181.923682450755,-69.2492889647059
182.978880247687,-69.2492889647059
183.768698957966,-69.2782764705882
184.820737480057,-69.2782764705882
185.872776002148,-69.2929448470588
186.927973799081,-69.2929448470588
187.980012321172,-69.3219323529412
188.769831031451,-69.3510944823529
189.821869553542,-69.3802566117647
190.877067350474,-69.3802566117647
191.929105872565,-69.3802566117647
192.981144394657,-69.3655882352941
193.770963104935,-69.3655882352941
194.826160901868,-69.3655882352941
195.878199423959,-69.3802566117647
196.93023794605,-69.3802566117647
197.985435742982,-69.3802566117647
198.775254453261,-69.3802566117647
199.827292975352,-69.3655882352941
200.879331497444,-69.3510944823529
201.934529294376,-69.3219323529412
202.986567816467,-69.3219323529412
203.776386526746,-69.3510944823529
204.828425048837,-69.3510944823529
205.883622845769,-69.3655882352941
206.935661367861,-69.3655882352941
207.987699889952,-69.3947503647059
208.777518600231,-69.4092441176471
209.832716397163,-69.4239124941176
210.884754919254,-69.3947503647059
211.936793441345,-69.3510944823529
212.991991238278,-69.3219323529412
213.781809948556,-69.3366007294118
214.833848470648,-69.3366007294118
215.885886992739,-69.3366007294118
216.941084789671,-69.3510944823529
217.993123311763,-69.3510944823529
218.782942022041,-69.3366007294118
219.834980544132,-69.3366007294118
220.890178341065,-69.3366007294118
221.942216863156,-69.3366007294118
222.994255385247,-69.3219323529412
223.784074095526,-69.3074386
224.839271892458,-69.3074386
225.89131041455,-69.3219323529412
226.943348936641,-69.3802566117647
227.998546733573,-69.3947503647059
228.788365443852,-69.3802566117647
229.840403965943,-69.3655882352941
230.892442488034,-69.3802566117647
231.947640284967,-69.3947503647059
232.999678807058,-69.3947503647059
233.789497517337,-69.3802566117647
234.841536039428,-69.3655882352941
235.89673383636,-69.3655882352941
236.948772358451,-69.3510944823529
238.000810880543,-69.3655882352941
238.790629590821,-69.3655882352941
239.845827387754,-69.3510944823529
240.897865909845,-69.3366007294118
241.949904431936,-69.3510944823529
242.739723142215,-69.3802566117647
243.794920939147,-69.3947503647059
244.846959461238,-69.4092441176471
245.89899798333,-69.3802566117647
246.954195780262,-69.3802566117647
247.744014490541,-69.4092441176471
248.796053012632,-69.3947503647059
249.848091534723,-69.4092441176471
250.903289331655,-69.4239124941176
251.955327853747,-69.4092441176471
252.745146564025,-69.3947503647059
253.797185086117,-69.4092441176471
254.852382883049,-69.4092441176471
255.90442140514,-69.3947503647059
256.956459927231,-69.3510944823529
257.74627863751,-69.3366007294118
258.801476434442,-69.3219323529412
259.853514956534,-69.3219323529412
260.905553478625,-69.3366007294118
261.960751275557,-69.3366007294118
262.750569985836,-69.3510944823529
263.802608507927,-69.3366007294118
264.854647030018,-69.3074386
265.909844826951,-69.3074386
266.961883349042,-69.3219323529412
267.751702059321,-69.3366007294118
268.803740581412,-69.3219323529412
269.858938378344,-69.3219323529412
270.910976900435,-69.3074386
271.963015422527,-69.2929448470588
272.752834132805,-69.3074386
273.808031929738,-69.3219323529412
274.860070451829,-69.3219323529412
275.91210897392,-69.3074386
276.967306770853,-69.2929448470588
277.757125481131,-69.3074386
278.809164003222,-69.3074386
279.861202525314,-69.3074386
280.916400322246,-69.3074386
281.968438844337,-69.3074386
282.758257554616,-69.3219323529412
283.810296076707,-69.3074386
284.86549387364,-69.3219323529412
285.917532395731,-69.3219323529412
286.969570917822,-69.3219323529412
287.759389628101,-69.3219323529412
288.814587425033,-69.3366007294118
289.866625947124,-69.3366007294118
290.918664469216,-69.3219323529412
291.973862266148,-69.2929448470588
292.763680976427,-69.2201268352941
293.815719498518,-69.2492889647059
294.867758020609,-69.263782717647
295.922955817541,-69.2492889647059
296.974994339633,-69.1764709529412
297.764813049911,-69.1909647058824
298.816851572003,-69.2201268352941
299.872049368935,-69.1909647058824
300.924087891026,-69.2201268352941
300.920928616185,-69.2201268352941
301.972967138276,-69.2346205882353
302.762785848555,-69.2056330823529
303.814824370646,-69.2201268352941
304.870022167578,-69.2056330823529
305.92206068967,-69.2346205882353
306.974099211761,-69.2201268352941
307.76391792204,-69.2201268352941
308.819115718972,-69.263782717647
309.871154241063,-69.263782717647
310.923192763154,-69.2782764705882
311.978390560087,-69.3074386
312.768209270365,-69.2929448470588
313.820247792457,-69.3074386
314.872286314548,-69.2929448470588
315.92748411148,-69.2929448470588
316.979522633571,-69.2492889647059
317.76934134385,-69.263782717647
318.821379865941,-69.2782764705882
319.876577662874,-69.2929448470588
320.928616184965,-69.2929448470588
321.980654707056,-69.2929448470588
322.770473417335,-69.2929448470588
323.825671214267,-69.2929448470588
324.877709736358,-69.3074386
325.92974825845,-69.3074386
326.984946055382,-69.3366007294118
327.774764765661,-69.3366007294118
328.826803287752,-69.2782764705882
329.878841809843,-69.2346205882353
330.934039606776,-69.2346205882353
331.986078128867,-69.2346205882353
332.775896839146,-69.2346205882353
333.827935361237,-69.2492889647059
334.883133158169,-69.2346205882353
335.93517168026,-69.2492889647059
336.987210202352,-69.263782717647
337.77702891263,-69.263782717647
338.832226709563,-69.2346205882353
339.884265231654,-69.1909647058824
340.936303753745,-69.1764709529412
341.991501550677,-69.1909647058824
342.781320260956,-69.1909647058824
343.833358783047,-69.2201268352941
344.885397305139,-69.2201268352941
345.940595102071,-69.1909647058824
346.992633624162,-69.2056330823529
347.782452334441,-69.2201268352941
348.834490856532,-69.2346205882353
349.889688653464,-69.2492889647059
350.941727175556,-69.2929448470588
351.993765697647,-69.2782764705882
352.783584407926,-69.2782764705882
353.838782204858,-69.263782717647
354.890820726949,-69.2492889647059
355.94285924904,-69.2201268352941
356.998057045973,-69.2056330823529
357.787875756251,-69.2201268352941
358.839914278343,-69.2201268352941
359.891952800434,-69.2346205882353
360.947150597366,-69.2346205882353
361.736969307645,-69.2346205882353
362.789007829736,-69.2492889647059
363.841046351827,-69.2346205882353
364.89624414876,-69.2346205882353
365.948282670851,-69.2201268352941
366.73810138113,-69.2346205882353
367.790139903221,-69.2056330823529
368.845337700153,-69.2201268352941
369.897376222244,-69.2201268352941
370.949414744336,-69.2346205882353
371.739233454614,-69.2492889647059
372.794431251547,-69.263782717647
373.846469773638,-69.2346205882353
374.898508295729,-69.2201268352941
375.953706092661,-69.2056330823529
376.74352480294,-69.2492889647059
377.795563325031,-69.2492889647059
378.847601847123,-69.263782717647
379.902799644055,-69.2346205882353
380.954838166146,-69.2346205882353
381.744656876425,-69.2492889647059
382.796695398516,-69.2492889647059
383.851893195448,-69.2201268352941
384.90393171754,-69.2056330823529
385.955970239631,-69.1764709529412
386.74578894991,-69.1473088235294
387.800986746842,-69.1619772
388.853025268933,-69.1473088235294
389.905063791024,-69.1619772
390.960261587957,-69.1473088235294
391.750080298236,-69.1619772
392.802118820327,-69.1619772
393.854157342418,-69.1764709529412
394.90935513935,-69.1764709529412
395.961393661442,-69.1909647058824
396.75121237172,-69.2056330823529
397.803250893811,-69.2201268352941
398.858448690744,-69.263782717647
399.910487212835,-69.263782717647
400.962525734926,-69.2782764705882
401.752344445205,-69.2782764705882
402.807542242137,-69.263782717647
403.859580764229,-69.2492889647059
404.91161928632,-69.2346205882353
405.966817083252,-69.2201268352941
406.756635793531,-69.2201268352941
407.808674315622,-69.1764709529412
408.860712837713,-69.1909647058824
409.915910634646,-69.2056330823529
410.967949156737,-69.1909647058824
411.757767867016,-69.1764709529412
412.809806389107,-69.2056330823529
413.865004186039,-69.2201268352941
414.91704270813,-69.2056330823529
415.969081230222,-69.2201268352941
416.7588999405,-69.2056330823529
417.814097737433,-69.1764709529412
418.866136259524,-69.1764709529412
419.918174781615,-69.1909647058824
420.973372578547,-69.2056330823529
421.763191288826,-69.2056330823529
422.815229810917,-69.1764709529412
423.867268333009,-69.1909647058824
424.922466129941,-69.1764709529412
425.974504652032,-69.1473088235294
426.764323362311,-69.1473088235294
427.816361884402,-69.1764709529412
428.871559681334,-69.2201268352941
429.923598203426,-69.2201268352941
430.975636725517,-69.2492889647059
431.765455435796,-69.2492889647059
432.820653232728,-69.263782717647
433.872691754819,-69.263782717647
434.92473027691,-69.263782717647
435.979928073843,-69.2492889647059
436.769746784121,-69.2782764705882
437.821785306213,-69.2782764705882
438.873823828304,-69.263782717647
439.929021625236,-69.263782717647
440.981060147327,-69.2782764705882
441.770878857606,-69.2929448470588
442.822917379697,-69.3219323529412
443.87811517663,-69.3510944823529
444.930153698721,-69.3366007294118
445.982192220812,-69.3366007294118
446.772010931091,-69.3074386
447.827208728023,-69.2929448470588
448.879247250114,-69.3366007294118
449.931285772206,-69.3366007294118
450.986483569138,-69.3074386
451.776302279417,-69.263782717647
452.828340801508,-69.2782764705882
453.880379323599,-69.2782764705882
454.935577120531,-69.2929448470588
455.987615642623,-69.3219323529412
456.777434352901,-69.3074386
457.829472874993,-69.2929448470588
458.884670671925,-69.2929448470588
459.936709194016,-69.2782764705882
460.988747716107,-69.2929448470588
461.778566426386,-69.2929448470588
462.833764223318,-69.2929448470588
463.88580274541,-69.2929448470588
464.937841267501,-69.3074386
465.993039064433,-69.2782764705882
466.782857774712,-69.2492889647059
467.834896296803,-69.2346205882353
468.886934818894,-69.2346205882353
469.942132615827,-69.2492889647059
470.994171137918,-69.2492889647059
471.783989848197,-69.2492889647059
472.836028370288,-69.2201268352941
473.89122616722,-69.2056330823529
474.943264689312,-69.1764709529412
475.995303211403,-69.0891591882353
476.785121921681,-69.1764709529412
477.840319718614,-69.1764709529412
478.892358240705,-69.2201268352941
479.944396762796,-69.2346205882353
480.734215473075,-69.2346205882353
481.789413270007,-69.2929448470588
482.841451792099,-69.3366007294118
483.89349031419,-69.3219323529412
484.948688111122,-69.3366007294118
485.738506821401,-69.3219323529412
486.790545343492,-69.3074386
487.842583865583,-69.2929448470588
488.897781662516,-69.263782717647
489.949820184607,-69.2201268352941
490.739638894886,-69.2201268352941
491.791677416977,-69.2492889647059
492.846875213909,-69.2782764705882
493.898913736,-69.2782764705882
494.950952258092,-69.2782764705882
495.74077096837,-69.263782717647
496.795968765303,-69.2492889647059
497.848007287394,-69.2492889647059
498.900045809485,-69.263782717647
499.955243606417,-69.263782717647
500.745062316696,-69.263782717647
501.797100838787,-69.2782764705882
502.849139360879,-69.2492889647059
503.904337157811,-69.2492889647059
504.956375679902,-69.263782717647
505.746194390181,-69.263782717647
506.798232912272,-69.263782717647
507.853430709204,-69.2782764705882
508.905469231296,-69.2929448470588
509.957507753387,-69.3366007294118
510.747326463666,-69.2929448470588
511.802524260598,-69.3074386
512.854562782689,-69.3074386
513.90660130478,-69.2782764705882
514.961799101713,-69.2929448470588
515.751617811991,-69.3074386
516.803656334083,-69.2929448470588
517.855694856174,-69.2929448470588
518.910892653106,-69.2929448470588
519.962931175198,-69.3074386
520.752749885476,-69.3366007294118
521.804788407567,-69.3219323529412
522.8599862045,-69.3219323529412
523.912024726591,-69.3219323529412
524.964063248682,-69.2929448470588
525.753881958961,-69.2929448470588
526.809079755893,-69.263782717647
527.861118277985,-69.263782717647
528.913156800076,-69.263782717647
529.968354597008,-69.263782717647
530.758173307287,-69.3074386
531.810211829378,-69.3074386
532.862250351469,-69.3074386
533.917448148402,-69.263782717647
534.969486670493,-69.263782717647
535.759305380772,-69.2492889647059
536.811343902863,-69.263782717647
537.866541699795,-69.263782717647
538.918580221886,-69.2929448470588
539.970618743978,-69.263782717647
540.760437454256,-69.2346205882353
541.815635251189,-69.2056330823529
542.86767377328,-69.1909647058824
543.919712295371,-69.2056330823529
544.974910092303,-69.2492889647059
545.764728802582,-69.2201268352941
546.816767324673,-69.1764709529412
547.868805846765,-69.1764709529412
548.924003643697,-69.0599970588235
549.976042165788,-66.8772029411765
550.765860876067,-66.2223647058824
551.817899398158,-65.9604294117647
552.87309719509,-65.7568183764706
553.925135717182,-65.6111823529412
554.977174239273,-65.5238705882353
555.766992949552,-65.4075713176471
556.822190746484,-65.3202595529412
557.874229268575,-65.2329477882353
558.926267790666,-65.1456360235294
559.981465587599,-65.0583242588235
560.771284297877,-64.9126882352941
561.823322819969,-64.9126882352941
562.87536134206,-64.8837007294118
563.930559138992,-64.8400448470588
564.982597661083,-64.8400448470588
565.772416371362,-64.8400448470588
566.824454893453,-64.8253764705882
567.879652690386,-64.7817205882353
568.931691212477,-64.6799150705882
569.983729734568,-64.6654213176471
570.773548444847,-64.6654213176471
571.828746241779,-64.6799150705882
572.88078476387,-64.6944088235294
573.932823285962,-64.6944088235294
574.988021082894,-64.6944088235294
575.777839793173,-64.6799150705882
576.829878315264,-64.6507529411765
577.881916837355,-64.6507529411765
578.937114634287,-64.6362591882353
579.989153156379,-64.6070970588235
580.778971866657,-64.6070970588235
581.831010388749,-64.5926033058823
582.886208185681,-64.6070970588235
583.938246707772,-64.6070970588235
584.990285229863,-64.6217654352941
585.780103940142,-64.6217654352941
586.835301737074,-64.6362591882353
587.887340259166,-64.6217654352941
588.939378781257,-64.5926033058823
589.994576578189,-64.5634411764706
590.784395288468,-64.5344536705882
591.836433810559,-64.5344536705882
592.88847233265,-64.5489474235294
593.943670129583,-64.5489474235294
594.995708651674,-64.5489474235294
595.785527361953,-64.5634411764706
596.837565884044,-64.5489474235294
597.892763680976,-64.5781095529412
598.944802203068,-64.5926033058823
600,-64.5926033058823
